{
  "name": "MtPublicList",
  "base": "PersistedModel",
  "idInjection": true,
  "options": {
    "validateUpsert": true
  },
  "properties": {
    "listType": {
      "type": "string",
      "required": true
    },
    "label": {
      "type": "string",
      "required": true
    },
    "value": {
      "type": "string"
    }
  },
  "validations": [],
  "relations": {},
  "acls": [
    {
      "accessType": "*",
      "principalType": "ROLE",
      "principalId": "$everyone",
      "permission": "ALLOW"
    },
    {
      "accessType": "READ",
      "principalType": "ROLE",
      "principalId": "$everyone",
      "permission": "ALLOW"
    },
    {
      "accessType": "*",
      "principalType": "ROLE",
      "principalId": "$authenticated",
      "permission": "ALLOW"
    }
  ],
  "methods": {
    "pingMe": {
      "accepts": [],
      "returns": [
        {
          "arg": "response",
          "type": "string"
        }
      ],
      "description": "ping service",
      "http": [
        {
          "path": "/pingMe",
          "verb": "get"
        }
      ]
    }
  }
}