{
  "_meta": {
    "sources": [
      "loopback/common/models",
      "loopback/server/models",
      "../common/models",
      "./models"
    ],
    "mixins": [
      "loopback/common/mixins",
      "loopback/server/mixins",
      "../common/mixins",
      "./mixins"
    ]
  },
  "AccessToken": {
    "dataSource": "mongoDB",
    "public": false
  },
  "ACL": {
    "dataSource": "mongoDB",
    "public": false
  },
  "RoleMapping": {
    "dataSource": "mongoDB",
    "public": false,
    "options": {
      "strictObjectIDCoercion": true
    }
  },
  "Role": {
    "dataSource": "mongoDB",
    "public": false
  },
  "MtUser": {
    "dataSource": "mongoDB",
    "public": true
  },
  "MtProfile": {
    "dataSource": "mongoDB",
    "public": true
  },
  "MtSystemList": {
    "dataSource": "mongoDB",
    "public": true
  },
  "MtNotification": {
    "dataSource": "mongoDB",
    "public": true
  },
  "AWSContainer": {
    "dataSource": "awsStorage",
    "public": true
  },
  "MtHelpDesk": {
    "dataSource": "mongoDB",
    "public": true
  },
  "MtPublicList": {
    "dataSource": "mongoDB",
    "public": true
  },
  "MtContactUs": {
    "dataSource": "mongoDB",
    "public": true
  }
}